<?xml version='1.0' encoding='UTF-8'?>
<faces-config version="2.2"
              xmlns="http://xmlns.jcp.org/xml/ns/javaee"
              xmlns:xsi="http://www.w3.org/2001/XMLSchema-instance"
              xsi:schemaLocation="http://xmlns.jcp.org/xml/ns/javaee http://xmlns.jcp.org/xml/ns/javaee/web-facesconfig_2_2.xsd">
              
    <navigation-rule>
        <from-view-id>index.xhtml</from-view-id>
        <navigation-case>
            <from-outcome>staff</from-outcome>
            <to-view-id>staff_login.xhtml</to-view-id>
        </navigation-case>
        <navigation-case>
            <from-outcome>customer</from-outcome>
            <to-view-id>customer-login.xhtml</to-view-id>
        </navigation-case>
    </navigation-rule>
    <navigation-rule>
        <description>Loging Page</description>
        <from-view-id>customer-login.xhtml</from-view-id>
        <navigation-case>
            <from-action>#{loginBean.checkValidCustomer}</from-action>
            <from-outcome>success</from-outcome>
            <to-view-id>customer-home.xhtml</to-view-id>
        </navigation-case>
        <navigation-case>
            <from-action>#{loginBean.checkValidCustomer}</from-action>
            <from-outcome>failure</from-outcome>
            <to-view-id>customer-login.xhtml</to-view-id>
        </navigation-case>
        <navigation-case>
            <from-action>#{loginBean.createCustomerPart1}</from-action>
            <from-outcome>registration</from-outcome>
            <to-view-id>customer_registration.xhtml</to-view-id>
        </navigation-case>
    </navigation-rule>
    
        
    <navigation-rule>
            <from-view-id>staff_login.xhtml</from-view-id>
        <navigation-case>
            <from-action>#{loginBean.checkValidStaff}</from-action>
            <from-outcome>success</from-outcome>
            <to-view-id>staff-home.xhtml</to-view-id>
        </navigation-case>
        <navigation-case>
            <from-action>#{loginBean.checkValidStaff}</from-action>
            <from-outcome>failure</from-outcome>
            <to-view-id>staff_login.xhtml</to-view-id>
        </navigation-case>
 
    </navigation-rule>
    <navigation-rule>
        <from-view-id>customer-home.xhtml</from-view-id>
        <navigation-case>
            <from-outcome>home</from-outcome>
            <to-view-id>customer-home.xhtml</to-view-id>
        </navigation-case>
        <navigation-case>
            <from-outcome>addBooking</from-outcome>
            <to-view-id>addBooking.xhtml</to-view-id>
        </navigation-case>
        <navigation-case>
            <from-outcome>viewBooking</from-outcome>
            <to-view-id>viewBooking.xhtml</to-view-id>
        </navigation-case>
        <navigation-case>
            <from-outcome>info</from-outcome>
            <to-view-id>info.xhtml</to-view-id>
        </navigation-case>
        <navigation-case>
            <from-outcome>logout</from-outcome>
            <to-view-id>index.xhtml</to-view-id>
        </navigation-case>
        
    </navigation-rule>
    <navigation-rule>
        <from-view-id>addBooking.xhtml</from-view-id>
        <navigation-case>
            <from-outcome>addBooking</from-outcome>
            <to-view-id>addBooking.xhtml</to-view-id>
        </navigation-case>
        <navigation-case>
            <from-outcome>viewBooking</from-outcome>
            <to-view-id>viewBooking.xhtml</to-view-id>
        </navigation-case>
        <navigation-case>
            <from-outcome>info</from-outcome>
            <to-view-id>info.xhtml</to-view-id>
        </navigation-case>
        <navigation-case>
            <from-outcome>logout</from-outcome>
            <to-view-id>index.xhtml</to-view-id>
        </navigation-case>
        <navigation-case>
            <from-outcome>home</from-outcome>
            <to-view-id>customer-home.xhtml</to-view-id>
        </navigation-case>
        <navigation-case>
            <from-action>#{loginBean.create_bookingdate()}</from-action>
            <from-outcome>created</from-outcome>
            <to-view-id>addBooking2.xhtml</to-view-id>
            <redirect/> 
        </navigation-case>
        <navigation-case>
            <from-action>#{loginBean.create_bookingdate()}</from-action>
            <from-outcome>abort</from-outcome>
            <to-view-id>abortbooking.xhtml</to-view-id>
        </navigation-case>
    </navigation-rule>
    <navigation-rule>
        <from-view-id>viewBooking.xhtml</from-view-id>
        <navigation-case>
            <from-outcome>home</from-outcome>
            <to-view-id>customer-home.xhtml</to-view-id>
        </navigation-case>
        <navigation-case>
            <from-outcome>addBooking</from-outcome>
            <to-view-id>addBooking.xhtml</to-view-id>
        </navigation-case>
        <navigation-case>
            <from-outcome>viewBooking</from-outcome>
            <to-view-id>viewBooking.xhtml</to-view-id>
        </navigation-case>
        <navigation-case>
            <from-outcome>info</from-outcome>
            <to-view-id>info.xhtml</to-view-id>
        </navigation-case>
        <navigation-case>
            
            <from-outcome>login</from-outcome>
            <to-view-id>index.xhtml</to-view-id>
            <redirect/>
        </navigation-case>
        <navigation-case>
             <from-action>#{loginBean.updateBookingPart1(c.dateId)}</from-action>
            <from-outcome>update_bookingdate</from-outcome>
            <to-view-id>updatebooking.xhtml</to-view-id>
        </navigation-case>
        <navigation-case>
             <from-action>#{loginBean.Bill(c)}</from-action>
            <from-outcome>bill</from-outcome>
            <to-view-id>newjsf.xhtml</to-view-id>
        </navigation-case>
        
    </navigation-rule>
    <navigation-rule>
        <from-view-id>info.xhtml</from-view-id>
        <navigation-case>
            <from-outcome>home</from-outcome>
            <to-view-id>customer-home.xhtml</to-view-id>
        </navigation-case>
        <navigation-case>
            <from-outcome>addBooking</from-outcome>
            <to-view-id>addBooking.xhtml</to-view-id>
        </navigation-case>
        <navigation-case>
            <from-outcome>viewBooking</from-outcome>
            <to-view-id>viewBooking.xhtml</to-view-id>
        </navigation-case>
        <navigation-case>
            <from-outcome>info</from-outcome>
            <to-view-id>info.xhtml</to-view-id>
        </navigation-case>
        <navigation-case>
            <from-outcome>logout</from-outcome>
            <to-view-id>index.xhtml</to-view-id>
        </navigation-case>
        
    </navigation-rule>
    <navigation-rule>
        <from-view-id>info.xhtml</from-view-id>
        <navigation-case>
            <from-outcome>updateInfo</from-outcome>
            <to-view-id>updateInfo.xhtml</to-view-id>
        </navigation-case>
        
    </navigation-rule>
    <navigation-rule>
        <from-view-id>updateInfo.xhtml</from-view-id>
         <navigation-case>
            <from-outcome>home</from-outcome>
            <to-view-id>customer-home.xhtml</to-view-id>
        </navigation-case>
        <navigation-case>
            <from-outcome>addBooking</from-outcome>
            <to-view-id>addBooking.xhtml</to-view-id>
        </navigation-case>
        <navigation-case>
            <from-outcome>viewBooking</from-outcome>
            <to-view-id>viewBooking.xhtml</to-view-id>
        </navigation-case>
        <navigation-case>
            <from-outcome>info</from-outcome>
            <to-view-id>info.xhtml</to-view-id>
        </navigation-case>
        <navigation-case>
            
            <from-outcome>logout</from-outcome>
            <to-view-id>index.xhtml</to-view-id>
            <redirect/>
        </navigation-case>
        <navigation-case>
            <from-action>#{loginBean.updateUser()}</from-action>
            <from-outcome>updated</from-outcome>
            <to-view-id>customer-home.xhtml</to-view-id>
        </navigation-case>
            
    </navigation-rule>
    <navigation-rule>
        <from-view-id>addBooking2.xhtml</from-view-id>
        <navigation-case>
        <from-action>#{loginBean.createBooking()}</from-action>
        <from-outcome>success</from-outcome>
        <redirect/>
        <to-view-id>viewBooking.xhtml</to-view-id>
        </navigation-case>
        <navigation-case>
            <from-outcome>home</from-outcome>
            <to-view-id>customer-home.xhtml</to-view-id>
        </navigation-case>
        <navigation-case>
            <from-outcome>addBooking</from-outcome>
            <to-view-id>addBooking.xhtml</to-view-id>
        </navigation-case>
        <navigation-case>
            <from-outcome>viewBooking</from-outcome>
            <to-view-id>viewBooking.xhtml</to-view-id>
        </navigation-case>
        <navigation-case>
            <from-outcome>info</from-outcome>
            <to-view-id>info.xhtml</to-view-id>
        </navigation-case>
        <navigation-case>
            <from-outcome>logout</from-outcome>
            <to-view-id>index.xhtml</to-view-id>
        </navigation-case>
    </navigation-rule>
    
    <navigation-rule>
        <from-view-id>customer_registration.xhtml</from-view-id>
        <navigation-case>
            <from-action>#{loginBean.createCustomerPart2()}</from-action>
            <from-outcome>registration2</from-outcome>
            <to-view-id>customer-login.xhtml</to-view-id>
        </navigation-case>    
    </navigation-rule>
    <navigation-rule>
        <from-view-id>updatebooking.xhtml</from-view-id>
        <navigation-case>
            <from-action>#{loginBean.updateBookingPart2()}</from-action>
            <from-outcome>updated</from-outcome>
            <to-view-id>viewBooking.xhtml</to-view-id>
        </navigation-case>
    </navigation-rule>
    
    
    <!--STAFF SIDE XML SCRIPTING-->
    
    <navigation-rule>
        <from-view-id>staff-home.xhtml</from-view-id>
        <navigation-case>
            <from-outcome>home</from-outcome>
            <to-view-id>staff-home.xhtml</to-view-id>
        </navigation-case>
        <navigation-case>
            <from-outcome>viewCBooking</from-outcome>
            <to-view-id>test.xhtml</to-view-id>
        </navigation-case>
        <navigation-case>
            <from-outcome>AddPackage</from-outcome>
            <to-view-id>addpackage.xhtml</to-view-id>
        </navigation-case>
        <navigation-case>
            <from-outcome>Logout</from-outcome>
            <to-view-id>index.xhtml</to-view-id>
        </navigation-case>
    </navigation-rule>
    
    <navigation-rule>
        <from-view-id>addpackage.xhtml</from-view-id>
        <navigation-case>
            <from-action>#{staffBean.createPackage()}</from-action>
            <from-outcome>created</from-outcome>
            <to-view-id>staff-home.xhtml</to-view-id>
        </navigation-case>
    </navigation-rule>

</faces-config>
